variant,profile,queues,edits,phase,operation,samples,min_ns,median_ns,max_ns,allocations,deallocations,allocated_bytes,freed_bytes
baseline,debug,4096,32,cold,constructor,5,3125,3556,32669,0,0,0,0
baseline,debug,4096,32,cold,early_queue_edit_read,5,19379,20291,41843,4,3,960,448
baseline,debug,4096,32,cold,prepare_empty_queues,5,99980497,103536386,105008399,4107,10,327648,32736
baseline,debug,4096,32,cold,reset,5,1602,1753,2354,0,0,0,0
baseline,debug,4096,32,cold,verify_later_empty_queues,5,472474,490260,597362,0,0,0,0
baseline,debug,4096,32,reused,early_queue_edit_read,5,15473,16696,17487,0,0,0,0
baseline,debug,4096,32,reused,prepare_empty_queues,5,100358776,100715476,102798492,0,0,0,0
baseline,debug,4096,32,reused,reset,5,1372,2113,2284,0,0,0,0
baseline,debug,4096,32,reused,verify_later_empty_queues,5,477791,499003,617403,0,0,0,0
baseline,debug,4096,128,cold,constructor,5,3205,3455,3786,0,0,0,0
baseline,debug,4096,128,cold,early_queue_edit_read,5,49454,50076,69756,6,5,4032,1984
baseline,debug,4096,128,cold,prepare_empty_queues,5,101705381,101780404,104036112,4107,10,327648,32736
baseline,debug,4096,128,cold,reset,5,1713,2113,2254,0,0,0,0
baseline,debug,4096,128,cold,verify_later_empty_queues,5,475308,489900,503780,0,0,0,0
baseline,debug,4096,128,reused,early_queue_edit_read,5,45369,45569,71418,0,0,0,0
baseline,debug,4096,128,reused,prepare_empty_queues,5,100889820,101388989,109177746,0,0,0,0
baseline,debug,4096,128,reused,reset,5,1472,1993,2163,0,0,0,0
baseline,debug,4096,128,reused,verify_later_empty_queues,5,474847,481697,535569,0,0,0,0
baseline,debug,8192,32,cold,constructor,5,3064,3325,3516,0,0,0,0
baseline,debug,8192,32,cold,early_queue_edit_read,5,20050,20330,36676,4,3,960,448
baseline,debug,8192,32,cold,prepare_empty_queues,5,408368713,418090966,436420925,8204,11,655328,65504
baseline,debug,8192,32,cold,reset,5,1803,2284,2434,0,0,0,0
baseline,debug,8192,32,cold,verify_later_empty_queues,5,960892,988012,1168895,0,0,0,0
baseline,debug,8192,32,reused,early_queue_edit_read,5,15724,16835,17527,0,0,0,0
baseline,debug,8192,32,reused,prepare_empty_queues,5,401348139,416594215,436242860,0,0,0,0
baseline,debug,8192,32,reused,reset,5,1602,1683,2173,0,0,0,0
baseline,debug,8192,32,reused,verify_later_empty_queues,5,988623,1023435,1032859,0,0,0,0
baseline,debug,8192,128,cold,constructor,5,3064,3936,4507,0,0,0,0
baseline,debug,8192,128,cold,early_queue_edit_read,5,49525,50807,159000,6,5,4032,1984
baseline,debug,8192,128,cold,prepare_empty_queues,5,406064031,409236113,409803234,8204,11,655328,65504
baseline,debug,8192,128,cold,reset,5,1613,1783,1862,0,0,0,0
baseline,debug,8192,128,cold,verify_later_empty_queues,5,971497,995944,1136086,0,0,0,0
baseline,debug,8192,128,reused,early_queue_edit_read,5,44837,46019,46209,0,0,0,0
baseline,debug,8192,128,reused,prepare_empty_queues,5,403679729,408185296,415897111,0,0,0,0
baseline,debug,8192,128,reused,reset,5,1562,1943,2544,0,0,0,0
baseline,debug,8192,128,reused,verify_later_empty_queues,5,960060,969895,1128685,0,0,0,0
baseline,optimized,4096,32,cold,constructor,5,60,481,5167,0,0,0,0
baseline,optimized,4096,32,cold,early_queue_edit_read,5,1422,1552,7391,4,3,960,448
baseline,optimized,4096,32,cold,prepare_empty_queues,5,5777064,6646937,7068614,4107,10,327648,32736
baseline,optimized,4096,32,cold,reset,5,20,20,30,0,0,0,0
baseline,optimized,4096,32,cold,verify_later_empty_queues,5,43175,44046,44447,0,0,0,0
baseline,optimized,4096,32,reused,early_queue_edit_read,5,791,1081,1352,0,0,0,0
baseline,optimized,4096,32,reused,prepare_empty_queues,5,5800208,6493655,7147623,0,0,0,0
baseline,optimized,4096,32,reused,reset,5,20,30,30,0,0,0,0
baseline,optimized,4096,32,reused,verify_later_empty_queues,5,42945,44116,57707,0,0,0,0
baseline,optimized,4096,128,cold,constructor,5,60,340,471,0,0,0,0
baseline,optimized,4096,128,cold,early_queue_edit_read,5,6690,7011,27572,6,5,4032,1984
baseline,optimized,4096,128,cold,prepare_empty_queues,5,5922494,6417541,6842913,4107,10,327648,32736
baseline,optimized,4096,128,cold,reset,5,20,30,30,0,0,0,0
baseline,optimized,4096,128,cold,verify_later_empty_queues,5,43175,44027,44728,0,0,0,0
baseline,optimized,4096,128,reused,early_queue_edit_read,5,6110,6130,6340,0,0,0,0
baseline,optimized,4096,128,reused,prepare_empty_queues,5,5872828,6300003,6321806,0,0,0,0
baseline,optimized,4096,128,reused,reset,5,20,30,70,0,0,0,0
baseline,optimized,4096,128,reused,verify_later_empty_queues,5,43255,44177,60301,0,0,0,0
baseline,optimized,8192,32,cold,constructor,5,170,491,641,0,0,0,0
baseline,optimized,8192,32,cold,early_queue_edit_read,5,2073,2544,20181,4,3,960,448
baseline,optimized,8192,32,cold,prepare_empty_queues,5,26748430,26986571,30506065,8204,11,655328,65504
baseline,optimized,8192,32,cold,reset,5,20,20,30,0,0,0,0
baseline,optimized,8192,32,cold,verify_later_empty_queues,5,87593,87753,88103,0,0,0,0
baseline,optimized,8192,32,reused,early_queue_edit_read,5,1352,1412,1642,0,0,0,0
baseline,optimized,8192,32,reused,prepare_empty_queues,5,27203588,27401828,29646697,0,0,0,0
baseline,optimized,8192,32,reused,reset,5,30,30,30,0,0,0,0
baseline,optimized,8192,32,reused,verify_later_empty_queues,5,87302,87823,125269,0,0,0,0
baseline,optimized,8192,128,cold,constructor,5,541,571,841,0,0,0,0
baseline,optimized,8192,128,cold,early_queue_edit_read,5,6990,7491,29405,6,5,4032,1984
baseline,optimized,8192,128,cold,prepare_empty_queues,5,26801180,27219431,33094012,8204,11,655328,65504
baseline,optimized,8192,128,cold,reset,5,30,30,50,0,0,0,0
baseline,optimized,8192,128,cold,verify_later_empty_queues,5,87292,87522,143096,0,0,0,0
baseline,optimized,8192,128,reused,early_queue_edit_read,5,6330,6560,6640,0,0,0,0
baseline,optimized,8192,128,reused,prepare_empty_queues,5,26527618,27008724,27475018,0,0,0,0
baseline,optimized,8192,128,reused,reset,5,20,30,40,0,0,0,0
baseline,optimized,8192,128,reused,verify_later_empty_queues,5,87341,87802,333544,0,0,0,0
sparse_final,debug,4096,32,cold,constructor,5,446675,461376,669471,4102,0,524408,0
sparse_final,debug,4096,32,cold,early_queue_edit_read,5,22645,23566,50386,0,0,0,0
sparse_final,debug,4096,32,cold,prepare_empty_queues,5,20065504,20674554,20903150,0,0,0,0
sparse_final,debug,4096,32,cold,reset,5,1522,1693,2845,0,0,0,0
sparse_final,debug,4096,32,cold,verify_later_empty_queues,5,635881,661769,782672,0,0,0,0
sparse_final,debug,4096,32,reused,early_queue_edit_read,5,17045,22924,23355,0,0,0,0
sparse_final,debug,4096,32,reused,prepare_empty_queues,5,19606321,20705651,20858172,0,0,0,0
sparse_final,debug,4096,32,reused,reset,5,1141,1443,1653,0,0,0,0
sparse_final,debug,4096,32,reused,verify_later_empty_queues,5,643862,665335,890745,0,0,0,0
sparse_final,debug,4096,128,cold,constructor,5,442959,445032,522940,4102,0,524408,0
sparse_final,debug,4096,128,cold,early_queue_edit_read,5,53721,54061,90016,0,0,0,0
sparse_final,debug,4096,128,cold,prepare_empty_queues,5,20244194,20505679,20913626,0,0,0,0
sparse_final,debug,4096,128,cold,reset,5,1543,1803,2013,0,0,0,0
sparse_final,debug,4096,128,cold,verify_later_empty_queues,5,650032,730212,758125,0,0,0,0
sparse_final,debug,4096,128,reused,early_queue_edit_read,5,52029,52679,59790,0,0,0,0
sparse_final,debug,4096,128,reused,prepare_empty_queues,5,20243754,20410816,20592881,0,0,0,0
sparse_final,debug,4096,128,reused,reset,5,1422,1482,1562,0,0,0,0
sparse_final,debug,4096,128,reused,verify_later_empty_queues,5,634559,664754,727409,0,0,0,0
sparse_final,debug,8192,32,cold,constructor,5,955193,970817,1145700,8198,0,1048696,0
sparse_final,debug,8192,32,cold,early_queue_edit_read,5,28122,29414,30176,0,0,0,0
sparse_final,debug,8192,32,cold,prepare_empty_queues,5,81334438,81618977,83111621,0,0,0,0
sparse_final,debug,8192,32,cold,reset,5,1723,1913,2103,0,0,0,0
sparse_final,debug,8192,32,cold,verify_later_empty_queues,5,1334555,1419083,1630803,0,0,0,0
sparse_final,debug,8192,32,reused,early_queue_edit_read,5,27913,29224,30536,0,0,0,0
sparse_final,debug,8192,32,reused,prepare_empty_queues,5,80503723,82517154,90737048,0,0,0,0
sparse_final,debug,8192,32,reused,reset,5,1902,2073,2314,0,0,0,0
sparse_final,debug,8192,32,reused,verify_later_empty_queues,5,1316959,1354536,1484361,0,0,0,0
sparse_final,debug,8192,128,cold,constructor,5,950655,966690,1110517,8198,0,1048696,0
sparse_final,debug,8192,128,cold,early_queue_edit_read,5,59469,59950,61593,0,0,0,0
sparse_final,debug,8192,128,cold,prepare_empty_queues,5,80035596,80815684,81642082,0,0,0,0
sparse_final,debug,8192,128,cold,reset,5,1663,2053,2113,0,0,0,0
sparse_final,debug,8192,128,cold,verify_later_empty_queues,5,1300024,1337420,1579866,0,0,0,0
sparse_final,debug,8192,128,reused,early_queue_edit_read,5,58649,60231,60772,0,0,0,0
sparse_final,debug,8192,128,reused,prepare_empty_queues,5,80896786,81593629,87461120,0,0,0,0
sparse_final,debug,8192,128,reused,reset,5,1773,1783,2624,0,0,0,0
sparse_final,debug,8192,128,reused,verify_later_empty_queues,5,1289758,1317490,1335096,0,0,0,0
sparse_final,optimized,4096,32,cold,constructor,5,97146,99360,227213,4102,0,524408,0
sparse_final,optimized,4096,32,cold,early_queue_edit_read,5,1452,1693,8082,0,0,0,0
sparse_final,optimized,4096,32,cold,prepare_empty_queues,5,2958867,3168064,3363039,0,0,0,0
sparse_final,optimized,4096,32,cold,reset,5,40,40,50,0,0,0,0
sparse_final,optimized,4096,32,cold,verify_later_empty_queues,5,63686,64067,68504,0,0,0,0
sparse_final,optimized,4096,32,reused,early_queue_edit_read,5,1252,1473,2073,0,0,0,0
sparse_final,optimized,4096,32,reused,prepare_empty_queues,5,3014432,3331221,3690372,0,0,0,0
sparse_final,optimized,4096,32,reused,reset,5,30,50,51,0,0,0,0
sparse_final,optimized,4096,32,reused,verify_later_empty_queues,5,63846,64116,64768,0,0,0,0
sparse_final,optimized,4096,128,cold,constructor,5,95975,99921,121183,4102,0,524408,0
sparse_final,optimized,4096,128,cold,early_queue_edit_read,5,4347,4657,7701,0,0,0,0
sparse_final,optimized,4096,128,cold,prepare_empty_queues,5,3393965,3431010,4365693,0,0,0,0
sparse_final,optimized,4096,128,cold,reset,5,40,50,50,0,0,0,0
sparse_final,optimized,4096,128,cold,verify_later_empty_queues,5,63957,64598,78559,0,0,0,0
sparse_final,optimized,4096,128,reused,early_queue_edit_read,5,3846,4186,4627,0,0,0,0
sparse_final,optimized,4096,128,reused,prepare_empty_queues,5,2995884,3204899,5073952,0,0,0,0
sparse_final,optimized,4096,128,reused,reset,5,30,50,50,0,0,0,0
sparse_final,optimized,4096,128,reused,verify_later_empty_queues,5,64027,64518,114493,0,0,0,0
sparse_final,optimized,8192,32,cold,constructor,5,262987,291440,327835,8198,0,1048696,0
sparse_final,optimized,8192,32,cold,early_queue_edit_read,5,1923,2013,2424,0,0,0,0
sparse_final,optimized,8192,32,cold,prepare_empty_queues,5,11680829,11879057,13035494,0,0,0,0
sparse_final,optimized,8192,32,cold,reset,5,31,50,50,0,0,0,0
sparse_final,optimized,8192,32,cold,verify_later_empty_queues,5,128444,129425,154814,0,0,0,0
sparse_final,optimized,8192,32,reused,early_queue_edit_read,5,1383,1802,2394,0,0,0,0
sparse_final,optimized,8192,32,reused,prepare_empty_queues,5,11671565,11920370,14127253,0,0,0,0
sparse_final,optimized,8192,32,reused,reset,5,30,40,50,0,0,0,0
sparse_final,optimized,8192,32,reused,verify_later_empty_queues,5,128184,128604,129095,0,0,0,0
sparse_final,optimized,8192,128,cold,constructor,5,265000,285521,317369,8198,0,1048696,0
sparse_final,optimized,8192,128,cold,early_queue_edit_read,5,4186,4367,6730,0,0,0,0
sparse_final,optimized,8192,128,cold,prepare_empty_queues,5,11699657,11751555,11981703,0,0,0,0
sparse_final,optimized,8192,128,cold,reset,5,20,30,50,0,0,0,0
sparse_final,optimized,8192,128,cold,verify_later_empty_queues,5,128094,130066,134744,0,0,0,0
sparse_final,optimized,8192,128,reused,early_queue_edit_read,5,3916,4216,4376,0,0,0,0
sparse_final,optimized,8192,128,reused,prepare_empty_queues,5,11679647,11728100,11927932,0,0,0,0
sparse_final,optimized,8192,128,reused,reset,5,30,30,320,0,0,0,0
sparse_final,optimized,8192,128,reused,verify_later_empty_queues,5,128314,132641,143497,0,0,0,0
